id,skill,category,subcategory,specialty
2,互联网-后端开发-java,互联网,后端开发,java
3,互联网-后端开发-c/c++,互联网,后端开发,c/c++
4,互联网-后端开发-php,互联网,后端开发,php
5,互联网-后端开发-python,互联网,后端开发,python
6,互联网-后端开发-c#,互联网,后端开发,c#
7,互联网-后端开发-.net,互联网,后端开发,.net
8,互联网-后端开发-golang,互联网,后端开发,golang
9,互联网-后端开发-node.js,互联网,后端开发,node.js
10,互联网-后端开发-语音,互联网,后端开发,语音
11,互联网-后端开发-视频,互联网,后端开发,视频
12,互联网-后端开发-图形,互联网,后端开发,图形
13,互联网-后端开发-高性能计算,互联网,后端开发,高性能计算
14,互联网-后端开发-gis,互联网,后端开发,gis
15,互联网-后端开发-区块链,互联网,后端开发,区块链
16,互联网-后端开发-全栈,互联网,后端开发,全栈
17,互联网-后端开发-其他,互联网,后端开发,其他
19,互联网-前端/移动开发-前端开发,互联网,前端/移动开发,前端开发
20,互联网-前端/移动开发-android,互联网,前端/移动开发,android
21,互联网-前端/移动开发-ios,互联网,前端/移动开发,ios
22,互联网-前端/移动开发-u3d,互联网,前端/移动开发,u3d
23,互联网-前端/移动开发-ue4,互联网,前端/移动开发,ue4
24,互联网-前端/移动开发-cocos,互联网,前端/移动开发,cocos
25,互联网-前端/移动开发-技术美术,互联网,前端/移动开发,技术美术
26,互联网-前端/移动开发-javascript,互联网,前端/移动开发,javascript
27,互联网-前端/移动开发-鸿蒙开发,互联网,前端/移动开发,鸿蒙开发
29,互联网-测试-测试,互联网,测试,测试
30,互联网-测试-软件测试,互联网,测试,软件测试
31,互联网-测试-自动化测试,互联网,测试,自动化测试
32,互联网-测试-功能测试,互联网,测试,功能测试
33,互联网-测试-测试开发,互联网,测试,测试开发
34,互联网-测试-硬件测试,互联网,测试,硬件测试
35,互联网-测试-游戏测试,互联网,测试,游戏测试
36,互联网-测试-性能测试,互联网,测试,性能测试
37,互联网-测试-渗透测试,互联网,测试,渗透测试
39,互联网-运维/技术支持-运维,互联网,运维/技术支持,运维
40,互联网-运维/技术支持-it技术支持,互联网,运维/技术支持,it技术支持
41,互联网-运维/技术支持-网络,互联网,运维/技术支持,网络
42,互联网-运维/技术支持-网络安全,互联网,运维/技术支持,网络安全
43,互联网-运维/技术支持-系统,互联网,运维/技术支持,系统
44,互联网-运维/技术支持-运维开发,互联网,运维/技术支持,运维开发
45,互联网-运维/技术支持-系统管理,互联网,运维/技术支持,系统管理
46,互联网-运维/技术支持-dba,互联网,运维/技术支持,dba
47,互联网-运维/技术支持-电脑/打印机维修,互联网,运维/技术支持,电脑/打印机维修
48,互联网-运维/技术支持-系统安全,互联网,运维/技术支持,系统安全
49,互联网-运维/技术支持-技术文档,互联网,运维/技术支持,技术文档
51,互联网-人工智能-图像,互联网,人工智能,图像
52,互联网-人工智能-自然语言处理,互联网,人工智能,自然语言处理
53,互联网-人工智能-大模型算法,互联网,人工智能,大模型算法
54,互联网-人工智能-数据挖掘,互联网,人工智能,数据挖掘
55,互联网-人工智能-规控,互联网,人工智能,规控
56,互联网-人工智能-slam,互联网,人工智能,slam
57,互联网-人工智能-推荐,互联网,人工智能,推荐
58,互联网-人工智能-搜索,互联网,人工智能,搜索
59,互联网-人工智能-语音,互联网,人工智能,语音
60,互联网-人工智能-风控,互联网,人工智能,风控
61,互联网-人工智能-高性能计算,互联网,人工智能,高性能计算
62,互联网-人工智能-算法,互联网,人工智能,算法
63,互联网-人工智能-机器学习,互联网,人工智能,机器学习
64,互联网-人工智能-深度学习,互联网,人工智能,深度学习
65,互联网-人工智能-自动驾驶,互联网,人工智能,自动驾驶
66,互联网-人工智能-数据标注,互联网,人工智能,数据标注
67,互联网-人工智能-ai训练,互联网,人工智能,ai训练
69,互联网-数据-数据分析,互联网,数据,数据分析
70,互联网-数据-数据开发,互联网,数据,数据开发
71,互联网-数据-数据仓库,互联网,数据,数据仓库
72,互联网-数据-etl,互联网,数据,etl
73,互联网-数据-数据挖掘,互联网,数据,数据挖掘
74,互联网-数据-数据架构,互联网,数据,数据架构
75,互联网-数据-爬虫,互联网,数据,爬虫
76,互联网-数据-数据采集,互联网,数据,数据采集
77,互联网-数据-数据治理,互联网,数据,数据治理
81,互联网-其他-其他,互联网,其他,其他
83,电子/电气/通信-电子/硬件开发-电子,电子/电气/通信,电子/硬件开发,电子
84,电子/电气/通信-电子/硬件开发-硬件,电子/电气/通信,电子/硬件开发,硬件
85,电子/电气/通信-电子/硬件开发-智能硬件/物联网,电子/电气/通信,电子/硬件开发,智能硬件/物联网
86,电子/电气/通信-电子/硬件开发-嵌入式软件,电子/电气/通信,电子/硬件开发,嵌入式软件
87,电子/电气/通信-电子/硬件开发-FPGA开发,电子/电气/通信,电子/硬件开发,FPGA开发
88,电子/电气/通信-电子/硬件开发-单片机,电子/电气/通信,电子/硬件开发,单片机
89,电子/电气/通信-电子/硬件开发-驱动开发,电子/电气/通信,电子/硬件开发,驱动开发
90,电子/电气/通信-电子/硬件开发-PCB,电子/电气/通信,电子/硬件开发,PCB
91,电子/电气/通信-电子/硬件开发-电子维修,电子/电气/通信,电子/硬件开发,电子维修
92,电子/电气/通信-电子/硬件开发-射频,电子/电气/通信,电子/硬件开发,射频
93,电子/电气/通信-电子/硬件开发-电路设计,电子/电气/通信,电子/硬件开发,电路设计
94,电子/电气/通信-电子/硬件开发-系统集成,电子/电气/通信,电子/硬件开发,系统集成
95,电子/电气/通信-电子/硬件开发-光学,电子/电气/通信,电子/硬件开发,光学
96,电子/电气/通信-电子/硬件开发-DSP开发,电子/电气/通信,电子/硬件开发,DSP开发
97,电子/电气/通信-电子/硬件开发-电源,电子/电气/通信,电子/硬件开发,电源
98,电子/电气/通信-电子/硬件开发-电池,电子/电气/通信,电子/硬件开发,电池
99,电子/电气/通信-电子/硬件开发-电声,电子/电气/通信,电子/硬件开发,电声
101,电子/电气/通信-半导体/芯片-集成电路IC设计,电子/电气/通信,半导体/芯片,集成电路IC设计
102,电子/电气/通信-半导体/芯片-数字IC验证,电子/电气/通信,半导体/芯片,数字IC验证
103,电子/电气/通信-半导体/芯片-模拟版图设计,电子/电气/通信,半导体/芯片,模拟版图设计
104,电子/电气/通信-半导体/芯片-芯片测试,电子/电气/通信,半导体/芯片,芯片测试
105,电子/电气/通信-半导体/芯片-DFT,电子/电气/通信,半导体/芯片,DFT
106,电子/电气/通信-半导体/芯片-FAE,电子/电气/通信,半导体/芯片,FAE
107,电子/电气/通信-半导体/芯片-数字前端设计,电子/电气/通信,半导体/芯片,数字前端设计
108,电子/电气/通信-半导体/芯片-数字后端,电子/电气/通信,半导体/芯片,数字后端
109,电子/电气/通信-半导体/芯片-模拟IC设计,电子/电气/通信,半导体/芯片,模拟IC设计
111,电子/电气/通信-电气/自动化-电气,电子/电气/通信,电气/自动化,电气
112,电子/电气/通信-电气/自动化-电气设计,电子/电气/通信,电气/自动化,电气设计
113,电子/电气/通信-电气/自动化-自动化,电子/电气/通信,电气/自动化,自动化
114,电子/电气/通信-电气/自动化-机电,电子/电气/通信,电气/自动化,机电
115,电子/电气/通信-电气/自动化-电力,电子/电气/通信,电气/自动化,电力
117,电子/电气/通信-通信-通信技术,电子/电气/通信,通信,通信技术
118,电子/电气/通信-通信-通信研发,电子/电气/通信,通信,通信研发
119,电子/电气/通信-通信-数据通信,电子/电气/通信,通信,数据通信
120,电子/电气/通信-通信-光网络,电子/电气/通信,通信,光网络
121,电子/电气/通信-通信-有线传输,电子/电气/通信,通信,有线传输
122,电子/电气/通信-通信-核心网,电子/电气/通信,通信,核心网
123,电子/电气/通信-通信-通信标准化,电子/电气/通信,通信,通信标准化
124,电子/电气/通信-通信-网络,电子/电气/通信,通信,网络
125,电子/电气/通信-通信-宽带装维,电子/电气/通信,通信,宽带装维
126,电子/电气/通信-通信-无线/天线,电子/电气/通信,通信,无线/天线
128,电子/电气/通信-运维/技术支持-运维,电子/电气/通信,运维/技术支持,运维
129,电子/电气/通信-运维/技术支持-系统,电子/电气/通信,运维/技术支持,系统
130,电子/电气/通信-运维/技术支持-技术文档,电子/电气/通信,运维/技术支持,技术文档
132,产品-产品经理-电商产品,产品,产品经理,电商产品
133,产品-产品经理-AI产品,产品,产品经理,AI产品
134,产品-产品经理-数据产品,产品,产品经理,数据产品
135,产品-产品经理-移动产品,产品,产品经理,移动产品
136,产品-产品经理-金融产品,产品,产品经理,金融产品
137,产品-产品经理-化妆品产品,产品,产品经理,化妆品产品
138,产品-产品经理-硬件产品,产品,产品经理,硬件产品
139,产品-产品经理-游戏策划,产品,产品经理,游戏策划
140,产品-产品经理-其他产品,产品,产品经理,其他产品
143,客服/运营-内容运营-新媒体运营,客服/运营,内容运营,新媒体运营
144,客服/运营-内容运营-直播运营,客服/运营,内容运营,直播运营
145,客服/运营-内容运营-视频运营,客服/运营,内容运营,视频运营
146,客服/运营-内容运营-内容运营,客服/运营,内容运营,内容运营
147,客服/运营-内容运营-微信运营,客服/运营,内容运营,微信运营
149,客服/运营-电商运营-国内电商运营,客服/运营,电商运营,国内电商运营
150,客服/运营-电商运营-跨境电商运营,客服/运营,电商运营,跨境电商运营
151,客服/运营-电商运营-品类运营,客服/运营,电商运营,品类运营
152,客服/运营-电商运营-淘宝运营,客服/运营,电商运营,淘宝运营
153,客服/运营-电商运营-天猫运营,客服/运营,电商运营,天猫运营
154,客服/运营-电商运营-京东运营,客服/运营,电商运营,京东运营
155,客服/运营-电商运营-拼多多运营,客服/运营,电商运营,拼多多运营
156,客服/运营-电商运营-亚马逊运营,客服/运营,电商运营,亚马逊运营
157,客服/运营-电商运营-阿里国际站运营,客服/运营,电商运营,阿里国际站运营
158,客服/运营-电商运营-速卖通运营,客服/运营,电商运营,速卖通运营
160,客服/运营-业务运营-产品运营,客服/运营,业务运营,产品运营
161,客服/运营-业务运营-用户运营,客服/运营,业务运营,用户运营
162,客服/运营-业务运营-商家运营,客服/运营,业务运营,商家运营
163,客服/运营-业务运营-数据/策略运营,客服/运营,业务运营,数据/策略运营
164,客服/运营-业务运营-社群运营,客服/运营,业务运营,社群运营
165,客服/运营-业务运营-游戏运营,客服/运营,业务运营,游戏运营
166,客服/运营-业务运营-网站运营,客服/运营,业务运营,网站运营
167,客服/运营-业务运营-内容审核,客服/运营,业务运营,内容审核
168,客服/运营-业务运营-外卖运营,客服/运营,业务运营,外卖运营
170,客服/运营-线下运营-车辆运营,客服/运营,线下运营,车辆运营
171,客服/运营-线下运营-线下拓展运营,客服/运营,线下运营,线下拓展运营
172,客服/运营-线下运营-商场运营,客服/运营,线下运营,商场运营
174,客服/运营-其他运营职位-其他运营职位,客服/运营,其他运营职位,其他运营职位
185,生活服务-美容美发-美容,生活服务,美容美发,美容
186,生活服务-美容美发-美体,生活服务,美容美发,美体
187,生活服务-美容美发-美甲,生活服务,美容美发,美甲
188,生活服务-美容美发-美睫,生活服务,美容美发,美睫
189,生活服务-美容美发-纹绣,生活服务,美容美发,纹绣
190,生活服务-美容美发-美发,生活服务,美容美发,美发
191,生活服务-美容美发-养发,生活服务,美容美发,养发
192,生活服务-美容美发-化妆,生活服务,美容美发,化妆
193,生活服务-美容美发-造型,生活服务,美容美发,造型
194,生活服务-美容美发-服装,生活服务,美容美发,服装
196,生活服务-理疗保健-理疗,生活服务,理疗保健,理疗
197,生活服务-理疗保健-产后康复,生活服务,理疗保健,产后康复
198,生活服务-理疗保健-针灸推拿,生活服务,理疗保健,针灸推拿
199,生活服务-理疗保健-按摩,生活服务,理疗保健,按摩
200,生活服务-理疗保健-足疗,生活服务,理疗保健,足疗
201,生活服务-理疗保健-采耳,生活服务,理疗保健,采耳
202,生活服务-理疗保健-营养/健康管理,生活服务,理疗保健,营养/健康管理
204,生活服务-家政/保洁-保洁,生活服务,家政/保洁,保洁
205,生活服务-家政/保洁-保姆,生活服务,家政/保洁,保姆
206,生活服务-家政/保洁-月嫂,生活服务,家政/保洁,月嫂
207,生活服务-家政/保洁-育婴,生活服务,家政/保洁,育婴
208,生活服务-家政/保洁-护工,生活服务,家政/保洁,护工
209,生活服务-家政/保洁-收纳,生活服务,家政/保洁,收纳
211,生活服务-安保-保安,生活服务,安保,保安
212,生活服务-安保-消防中控,生活服务,安保,消防中控
213,生活服务-安保-押运,生活服务,安保,押运
214,生活服务-安保-安检,生活服务,安保,安检
215,生活服务-安保-消防维保,生活服务,安保,消防维保
217,生活服务-维修-家电维修,生活服务,维修,家电维修
218,生活服务-维修-手机维修,生活服务,维修,手机维修
219,生活服务-维修-电脑/打印机维修,生活服务,维修,电脑/打印机维修
220,生活服务-维修-电动车/摩托车维修,生活服务,维修,电动车/摩托车维修
222,生活服务-汽车服务-汽车维修,生活服务,汽车服务,汽车维修
223,生活服务-汽车服务-汽车美容,生活服务,汽车服务,汽车美容
224,生活服务-汽车服务-洗车,生活服务,汽车服务,洗车
225,生活服务-汽车服务-汽车改装,生活服务,汽车服务,汽车改装
226,生活服务-汽车服务-二手车评估,生活服务,汽车服务,二手车评估
227,生活服务-汽车服务-汽车查勘定损,生活服务,汽车服务,汽车查勘定损
228,生活服务-汽车服务-加油,生活服务,汽车服务,加油
230,生活服务-宠物服务-宠物美容,生活服务,宠物服务,宠物美容
231,生活服务-宠物服务-宠物医疗,生活服务,宠物服务,宠物医疗
233,生活服务-运动/健身-健身,生活服务,运动/健身,健身
234,生活服务-运动/健身-舞蹈,生活服务,运动/健身,舞蹈
235,生活服务-运动/健身-篮球,生活服务,运动/健身,篮球
236,生活服务-运动/健身-瑜伽,生活服务,运动/健身,瑜伽
237,生活服务-运动/健身-游泳,生活服务,运动/健身,游泳
238,生活服务-运动/健身-跆拳道,生活服务,运动/健身,跆拳道
239,生活服务-运动/健身-武术,生活服务,运动/健身,武术
240,生活服务-运动/健身-轮滑,生活服务,运动/健身,轮滑
241,生活服务-运动/健身-乒乓球,生活服务,运动/健身,乒乓球
242,生活服务-运动/健身-足球,生活服务,运动/健身,足球
243,生活服务-运动/健身-羽毛球,生活服务,运动/健身,羽毛球
244,生活服务-运动/健身-拳击,生活服务,运动/健身,拳击
245,生活服务-运动/健身-体能,生活服务,运动/健身,体能
247,生活服务-驾驶-网约车,生活服务,驾驶,网约车
248,生活服务-驾驶-代驾,生活服务,驾驶,代驾
249,生活服务-驾驶-驾校,生活服务,驾驶,驾校
250,生活服务-驾驶-商务,生活服务,驾驶,商务
251,生活服务-驾驶-货运,生活服务,驾驶,货运
252,生活服务-驾驶-客运,生活服务,驾驶,客运
253,生活服务-驾驶-无人机,生活服务,驾驶,无人机
255,生活服务-其他服务-花艺,生活服务,其他服务,花艺
256,生活服务-其他服务-婚礼策划,生活服务,其他服务,婚礼策划
257,生活服务-其他服务-网吧网管,生活服务,其他服务,网吧网管
258,生活服务-其他服务-会籍顾问,生活服务,其他服务,会籍顾问
259,生活服务-其他服务-旅游顾问,生活服务,其他服务,旅游顾问
260,生活服务-其他服务-验光,生活服务,其他服务,验光
261,生活服务-其他服务-摄影/摄像,生活服务,其他服务,摄影/摄像
262,生活服务-其他服务-剧本杀主持,生活服务,其他服务,剧本杀主持
263,生活服务-其他服务-儿童引导,生活服务,其他服务,儿童引导
264,生活服务-其他服务-放映,生活服务,其他服务,放映
265,生活服务-其他服务-游戏陪玩,生活服务,其他服务,游戏陪玩
276,餐饮-厨师-中餐,餐饮,厨师,中餐
277,餐饮-厨师-烧烤,餐饮,厨师,烧烤
278,餐饮-厨师-西餐,餐饮,厨师,西餐
279,餐饮-厨师-日料,餐饮,厨师,日料
280,餐饮-厨师-凉菜,餐饮,厨师,凉菜
281,餐饮-厨师-面点,餐饮,厨师,面点
283,餐饮-甜点饮品-咖啡,餐饮,甜点饮品,咖啡
284,餐饮-甜点饮品-茶艺,餐饮,甜点饮品,茶艺
285,餐饮-甜点饮品-调酒,餐饮,甜点饮品,调酒
286,餐饮-甜点饮品-烘焙,餐饮,甜点饮品,烘焙
288,餐饮-其他-送餐,餐饮,其他,送餐
289,餐饮-其他-外卖,餐饮,其他,外卖
291,住宿/旅游-住宿-酒店,住宿/旅游,住宿,酒店
292,住宿/旅游-住宿-民宿,住宿/旅游,住宿,民宿
294,住宿/旅游-旅游-导游,住宿/旅游,旅游,导游
295,住宿/旅游-旅游-讲解,住宿/旅游,旅游,讲解
296,住宿/旅游-旅游-计调,住宿/旅游,旅游,计调
297,住宿/旅游-旅游-票务,住宿/旅游,旅游,票务
298,住宿/旅游-旅游-签证,住宿/旅游,旅游,签证
300,科研/教育/培训-教师-英语教师,科研/教育/培训,教师,英语教师
301,科研/教育/培训-教师-数学教师,科研/教育/培训,教师,数学教师
302,科研/教育/培训-教师-语文教师,科研/教育/培训,教师,语文教师
303,科研/教育/培训-教师-物理教师,科研/教育/培训,教师,物理教师
304,科研/教育/培训-教师-化学教师,科研/教育/培训,教师,化学教师
305,科研/教育/培训-教师-理科教师,科研/教育/培训,教师,理科教师
306,科研/教育/培训-教师-日语教师,科研/教育/培训,教师,日语教师
307,科研/教育/培训-教师-生物教师,科研/教育/培训,教师,生物教师
308,科研/教育/培训-教师-文科教师,科研/教育/培训,教师,文科教师
309,科研/教育/培训-教师-地理教师,科研/教育/培训,教师,地理教师
310,科研/教育/培训-教师-家教,科研/教育/培训,教师,家教
311,科研/教育/培训-教师-其他教师,科研/教育/培训,教师,其他教师
313,科研/教育/培训-幼少儿教师-幼教,科研/教育/培训,幼少儿教师,幼教
314,科研/教育/培训-幼少儿教师-托管,科研/教育/培训,幼少儿教师,托管
315,科研/教育/培训-幼少儿教师-早教,科研/教育/培训,幼少儿教师,早教
316,科研/教育/培训-幼少儿教师-保育,科研/教育/培训,幼少儿教师,保育
317,科研/教育/培训-幼少儿教师-感统训练,科研/教育/培训,幼少儿教师,感统训练
319,科研/教育/培训-运动/健身-健身,科研/教育/培训,运动/健身,健身
320,科研/教育/培训-运动/健身-篮球,科研/教育/培训,运动/健身,篮球
321,科研/教育/培训-运动/健身-跆拳道,科研/教育/培训,运动/健身,跆拳道
322,科研/教育/培训-运动/健身-武术,科研/教育/培训,运动/健身,武术
323,科研/教育/培训-运动/健身-轮滑,科研/教育/培训,运动/健身,轮滑
324,科研/教育/培训-运动/健身-乒乓球,科研/教育/培训,运动/健身,乒乓球
325,科研/教育/培训-运动/健身-足球,科研/教育/培训,运动/健身,足球
326,科研/教育/培训-运动/健身-羽毛球,科研/教育/培训,运动/健身,羽毛球
327,科研/教育/培训-运动/健身-拳击,科研/教育/培训,运动/健身,拳击
328,科研/教育/培训-运动/健身-台球,科研/教育/培训,运动/健身,台球
329,科研/教育/培训-运动/健身-游泳,科研/教育/培训,运动/健身,游泳
330,科研/教育/培训-运动/健身-瑜伽,科研/教育/培训,运动/健身,瑜伽
331,科研/教育/培训-运动/健身-普拉提,科研/教育/培训,运动/健身,普拉提
332,科研/教育/培训-运动/健身-体育/体能,科研/教育/培训,运动/健身,体育/体能
334,科研/教育/培训-文化艺术-美术,科研/教育/培训,文化艺术,美术
335,科研/教育/培训-文化艺术-舞蹈,科研/教育/培训,文化艺术,舞蹈
336,科研/教育/培训-文化艺术-书法,科研/教育/培训,文化艺术,书法
337,科研/教育/培训-文化艺术-音乐,科研/教育/培训,文化艺术,音乐
338,科研/教育/培训-文化艺术-播音,科研/教育/培训,文化艺术,播音
339,科研/教育/培训-文化艺术-主持,科研/教育/培训,文化艺术,主持
340,科研/教育/培训-文化艺术-钢琴,科研/教育/培训,文化艺术,钢琴
341,科研/教育/培训-文化艺术-古筝,科研/教育/培训,文化艺术,古筝
342,科研/教育/培训-文化艺术-吉他,科研/教育/培训,文化艺术,吉他
343,科研/教育/培训-文化艺术-表演,科研/教育/培训,文化艺术,表演
344,科研/教育/培训-文化艺术-架子鼓,科研/教育/培训,文化艺术,架子鼓
345,科研/教育/培训-文化艺术-围棋,科研/教育/培训,文化艺术,围棋
347,科研/教育/培训-科学探索-乐高,科研/教育/培训,科学探索,乐高
348,科研/教育/培训-科学探索-机器人,科研/教育/培训,科学探索,机器人
349,科研/教育/培训-科学探索-少儿编程,科研/教育/培训,科学探索,少儿编程
351,科研/教育/培训-职业培训-IT培训,科研/教育/培训,职业培训,IT培训
352,科研/教育/培训-职业培训-财会培训,科研/教育/培训,职业培训,财会培训
354,科研/教育/培训-教育产品研发-课程设计,科研/教育/培训,教育产品研发,课程设计
355,科研/教育/培训-教育产品研发-课程编辑,科研/教育/培训,教育产品研发,课程编辑
356,科研/教育/培训-教育产品研发-培训策划,科研/教育/培训,教育产品研发,培训策划
357,科研/教育/培训-教育产品研发-培训研究,科研/教育/培训,教育产品研发,培训研究
359,设计-视觉/交互设计-平面设计,设计,视觉/交互设计,平面设计
360,设计-视觉/交互设计-美工,设计,视觉/交互设计,美工
361,设计-视觉/交互设计-UI设计,设计,视觉/交互设计,UI设计
362,设计-视觉/交互设计-视觉设计,设计,视觉/交互设计,视觉设计
363,设计-视觉/交互设计-广告设计,设计,视觉/交互设计,广告设计
364,设计-视觉/交互设计-UX/交互设计,设计,视觉/交互设计,UX/交互设计
365,设计-视觉/交互设计-包装设计,设计,视觉/交互设计,包装设计
366,设计-视觉/交互设计-修图,设计,视觉/交互设计,修图
368,设计-环境设计-室内设计,设计,环境设计,室内设计
369,设计-环境设计-软装设计,设计,环境设计,软装设计
370,设计-环境设计-展览/展示设计,设计,环境设计,展览/展示设计
371,设计-环境设计-陈列设计,设计,环境设计,陈列设计
372,设计-环境设计-照明设计,设计,环境设计,照明设计
373,设计-环境设计-园林/景观设计,设计,环境设计,园林/景观设计
374,设计-环境设计-舞美设计,设计,环境设计,舞美设计
375,设计-环境设计-CAD绘图,设计,环境设计,CAD绘图
377,设计-工业/产品设计-家具设计,设计,工业/产品设计,家具设计
378,设计-工业/产品设计-工业设计,设计,工业/产品设计,工业设计
379,设计-工业/产品设计-珠宝设计,设计,工业/产品设计,珠宝设计
380,设计-工业/产品设计-家具拆单,设计,工业/产品设计,家具拆单
381,设计-工业/产品设计-服装/纺织设计,设计,工业/产品设计,服装/纺织设计
382,设计-工业/产品设计-鞋类设计,设计,工业/产品设计,鞋类设计
384,设计-美术/3D/动画-3D设计,设计,美术/3D/动画,3D设计
385,设计-美术/3D/动画-插画,设计,美术/3D/动画,插画
386,设计-美术/3D/动画-动画设计,设计,美术/3D/动画,动画设计
387,设计-美术/3D/动画-原画,设计,美术/3D/动画,原画
388,设计-美术/3D/动画-漫画,设计,美术/3D/动画,漫画
390,设计-游戏设计-游戏场景,设计,游戏设计,游戏场景
391,设计-游戏设计-游戏角色,设计,游戏设计,游戏角色
392,设计-游戏设计-游戏UI设计,设计,游戏设计,游戏UI设计
393,设计-游戏设计-游戏特效,设计,游戏设计,游戏特效
394,设计-游戏设计-游戏动作,设计,游戏设计,游戏动作
395,设计-游戏设计-游戏主美术,设计,游戏设计,游戏主美术
397,房地产/建筑-工程管理-工程造价,房地产/建筑,工程管理,工程造价
398,房地产/建筑-工程管理-工程监理,房地产/建筑,工程管理,工程监理
399,房地产/建筑-工程管理-施工,房地产/建筑,工程管理,施工
400,房地产/建筑-工程管理-资料,房地产/建筑,工程管理,资料
401,房地产/建筑-工程管理-材料,房地产/建筑,工程管理,材料
402,房地产/建筑-工程管理-测绘/测量,房地产/建筑,工程管理,测绘/测量
403,房地产/建筑-工程管理-安全,房地产/建筑,工程管理,安全
404,房地产/建筑-工程管理-工程检测,房地产/建筑,工程管理,工程检测
405,房地产/建筑-工程管理-工程招投标,房地产/建筑,工程管理,工程招投标
407,房地产/建筑-装修-室内设计,房地产/建筑,装修,室内设计
408,房地产/建筑-装修-软装设计,房地产/建筑,装修,软装设计
409,房地产/建筑-装修-装修监理,房地产/建筑,装修,装修监理
410,房地产/建筑-装修-装修造价,房地产/建筑,装修,装修造价
412,房地产/建筑-物业管理-综合维修,房地产/建筑,物业管理,综合维修
413,房地产/建筑-物业管理-物业工程,房地产/建筑,物业管理,物业工程
414,房地产/建筑-物业管理-弱电,房地产/建筑,物业管理,弱电
415,房地产/建筑-物业管理-绿化,房地产/建筑,物业管理,绿化
416,房地产/建筑-物业管理-保安,房地产/建筑,物业管理,保安
417,房地产/建筑-物业管理-消防中控,房地产/建筑,物业管理,消防中控
418,房地产/建筑-物业管理-消防维保,房地产/建筑,物业管理,消防维保
420,房地产/建筑-建筑/规划设计-土木/土建/结构,房地产/建筑,建筑/规划设计,土木/土建/结构
421,房地产/建筑-建筑/规划设计-园林/景观设计,房地产/建筑,建筑/规划设计,园林/景观设计
422,房地产/建筑-建筑/规划设计-建筑设计,房地产/建筑,建筑/规划设计,建筑设计
423,房地产/建筑-建筑/规划设计-建筑工程,房地产/建筑,建筑/规划设计,建筑工程
424,房地产/建筑-建筑/规划设计-弱电,房地产/建筑,建筑/规划设计,弱电
425,房地产/建筑-建筑/规划设计-建筑机电,房地产/建筑,建筑/规划设计,建筑机电
426,房地产/建筑-建筑/规划设计-给排水,房地产/建筑,建筑/规划设计,给排水
427,房地产/建筑-建筑/规划设计-暖通,房地产/建筑,建筑/规划设计,暖通
428,房地产/建筑-建筑/规划设计-幕墙,房地产/建筑,建筑/规划设计,幕墙
429,房地产/建筑-建筑/规划设计-BIM,房地产/建筑,建筑/规划设计,BIM
430,房地产/建筑-建筑/规划设计-消防,房地产/建筑,建筑/规划设计,消防
431,房地产/建筑-建筑/规划设计-水利,房地产/建筑,建筑/规划设计,水利
432,房地产/建筑-建筑/规划设计-城乡规划设计,房地产/建筑,建筑/规划设计,城乡规划设计
434,房地产/建筑-房地产规划开发-房地产项目管理,房地产/建筑,房地产规划开发,房地产项目管理
435,房地产/建筑-房地产规划开发-房地产策划,房地产/建筑,房地产规划开发,房地产策划
436,房地产/建筑-房地产规划开发-房地产估价师,房地产/建筑,房地产规划开发,房地产估价师
438,房地产/建筑-房地产销售/招商-置业顾问,房地产/建筑,房地产销售/招商,置业顾问
439,房地产/建筑-房地产销售/招商-地产中介,房地产/建筑,房地产销售/招商,地产中介
440,房地产/建筑-房地产销售/招商-地产招商,房地产/建筑,房地产销售/招商,地产招商
442,房地产/建筑-建筑/装修工-电工,房地产/建筑,建筑/装修工,电工
443,房地产/建筑-建筑/装修工-焊工,房地产/建筑,建筑/装修工,焊工
444,房地产/建筑-建筑/装修工-木工,房地产/建筑,建筑/装修工,木工
445,房地产/建筑-建筑/装修工-空调工,房地产/建筑,建筑/装修工,空调工
446,房地产/建筑-建筑/装修工-油漆工,房地产/建筑,建筑/装修工,油漆工
447,房地产/建筑-建筑/装修工-电梯工,房地产/建筑,建筑/装修工,电梯工
448,房地产/建筑-建筑/装修工-泥瓦工,房地产/建筑,建筑/装修工,泥瓦工
449,房地产/建筑-建筑/装修工-水电工,房地产/建筑,建筑/装修工,水电工
451,文化/传媒-直播-主播,文化/传媒,直播,主播
452,文化/传媒-直播-直播运营,文化/传媒,直播,直播运营
453,文化/传媒-直播-中控/场控/助播,文化/传媒,直播,中控/场控/助播
455,文化/传媒-影视-化妆/造型/服装,文化/传媒,影视,化妆/造型/服装
456,文化/传媒-影视-演员,文化/传媒,影视,演员
457,文化/传媒-影视-配音,文化/传媒,影视,配音
458,文化/传媒-影视-艺人助理,文化/传媒,影视,艺人助理
459,文化/传媒-影视-主持人/DJ,文化/传媒,影视,主持人/DJ
460,文化/传媒-影视-模特,文化/传媒,影视,模特
461,文化/传媒-影视-摄影/摄像,文化/传媒,影视,摄影/摄像
462,文化/传媒-影视-导演/编导,文化/传媒,影视,导演/编导
463,文化/传媒-影视-经纪人/星探,文化/传媒,影视,经纪人/星探
464,文化/传媒-影视-编剧,文化/传媒,影视,编剧
465,文化/传媒-影视-制片,文化/传媒,影视,制片
466,文化/传媒-影视-影视策划,文化/传媒,影视,影视策划
467,文化/传媒-影视-影视发行,文化/传媒,影视,影视发行
468,文化/传媒-影视-视频剪辑,文化/传媒,影视,视频剪辑
469,文化/传媒-影视-后期制作,文化/传媒,影视,后期制作
470,文化/传媒-影视-动画设计,文化/传媒,影视,动画设计
471,文化/传媒-影视-修图,文化/传媒,影视,修图
472,文化/传媒-影视-灯光,文化/传媒,影视,灯光
473,文化/传媒-影视-录音/音效,文化/传媒,影视,录音/音效
474,文化/传媒-影视-音频编辑,文化/传媒,影视,音频编辑
475,文化/传媒-影视-影视特效,文化/传媒,影视,影视特效
476,文化/传媒-影视-主持,文化/传媒,影视,主持
477,文化/传媒-影视-儿童引导,文化/传媒,影视,儿童引导
478,文化/传媒-影视-放映,文化/传媒,影视,放映
480,文化/传媒-影视-舞美设计,文化/传媒,影视,舞美设计
482,文化/传媒-采编/写作/出版-编辑,文化/传媒,采编/写作/出版,编辑
483,文化/传媒-采编/写作/出版-作者/撰稿,文化/传媒,采编/写作/出版,作者/撰稿
485,文化/传媒-采编/写作/出版-印刷排版,文化/传媒,采编/写作/出版,印刷排版
486,文化/传媒-采编/写作/出版-校对录入,文化/传媒,采编/写作/出版,校对录入
487,文化/传媒-采编/写作/出版-记者/采编,文化/传媒,采编/写作/出版,记者/采编
488,文化/传媒-采编/写作/出版-主编,文化/传媒,采编/写作/出版,主编
489,文化/传媒-采编/写作/出版-出版,文化/传媒,采编/写作/出版,出版
490,文化/传媒-采编/写作/出版-编剧,文化/传媒,采编/写作/出版,编剧
492,市场/公关/广告-市场营销-市场营销策划,市场/公关/广告,市场营销,市场营销策划
493,市场/公关/广告-市场营销-活动策划执行,市场/公关/广告,市场营销,活动策划执行
494,市场/公关/广告-市场营销-会务/会展执行,市场/公关/广告,市场营销,会务/会展执行
495,市场/公关/广告-市场营销-会务/会展策划,市场/公关/广告,市场营销,会务/会展策划
497,市场/公关/广告-推广/投放-市场推广/地推,市场/公关/广告,推广/投放,市场推广/地推
498,市场/公关/广告-推广/投放-网络推广,市场/公关/广告,推广/投放,网络推广
499,市场/公关/广告-推广/投放-游戏推广,市场/公关/广告,推广/投放,游戏推广
500,市场/公关/广告-推广/投放-媒介投放,市场/公关/广告,推广/投放,媒介投放
501,市场/公关/广告-推广/投放-媒介商务BD,市场/公关/广告,推广/投放,媒介商务BD
502,市场/公关/广告-推广/投放-信息流优化,市场/公关/广告,推广/投放,信息流优化
503,市场/公关/广告-推广/投放-SEO,市场/公关/广告,推广/投放,SEO
504,市场/公关/广告-推广/投放-SEM,市场/公关/广告,推广/投放,SEM
506,市场/公关/广告-政府事务-政府关系,市场/公关/广告,政府事务,政府关系
507,市场/公关/广告-政府事务-项目申报,市场/公关/广告,政府事务,项目申报
508,市场/公关/广告-政府事务-政策研究,市场/公关/广告,政府事务,政策研究
509,市场/公关/广告-政府事务-社工,市场/公关/广告,政府事务,社工
511,市场/公关/广告-公关-品牌公关,市场/公关/广告,公关,品牌公关
513,市场/公关/广告-广告-策划,市场/公关/广告,广告,策划
514,市场/公关/广告-广告-文案,市场/公关/广告,广告,文案
515,市场/公关/广告-广告-广告客户执行,市场/公关/广告,广告,广告客户执行
516,市场/公关/广告-广告-广告设计,市场/公关/广告,广告,广告设计
517,市场/公关/广告-广告-美术指导,市场/公关/广告,广告,美术指导
518,市场/公关/广告-广告-广告制作,市场/公关/广告,广告,广告制作
519,市场/公关/广告-广告-广告审核,市场/公关/广告,广告,广告审核
521,市场/公关/广告-调研分析-市场调研,市场/公关/广告,调研分析,市场调研
522,市场/公关/广告-调研分析-选址开发,市场/公关/广告,调研分析,选址开发
523,市场/公关/广告-调研分析-商业数据分析,市场/公关/广告,调研分析,商业数据分析
525,物流/仓储/司机-物流/运输-物流运营,物流/仓储/司机,物流/运输,物流运营
526,物流/仓储/司机-物流/运输-物流跟单,物流/仓储/司机,物流/运输,物流跟单
527,物流/仓储/司机-物流/运输-调度,物流/仓储/司机,物流/运输,调度
528,物流/仓储/司机-物流/运输-跟车,物流/仓储/司机,物流/运输,跟车
529,物流/仓储/司机-物流/运输-水/空/陆运操作,物流/仓储/司机,物流/运输,水/空/陆运操作
530,物流/仓储/司机-物流/运输-集装箱管理,物流/仓储/司机,物流/运输,集装箱管理
532,物流/仓储/司机-配送理货-配/理/拣/发货,物流/仓储/司机,配送理货,配/理/拣/发货
533,物流/仓储/司机-配送理货-配送,物流/仓储/司机,配送理货,配送
534,物流/仓储/司机-配送理货-送餐,物流/仓储/司机,配送理货,送餐
535,物流/仓储/司机-配送理货-快递,物流/仓储/司机,配送理货,快递
536,物流/仓储/司机-配送理货-搬运/装卸,物流/仓储/司机,配送理货,搬运/装卸
537,物流/仓储/司机-配送理货-叉车,物流/仓储/司机,配送理货,叉车
539,物流/仓储/司机-驾驶-货运,物流/仓储/司机,驾驶,货运
540,物流/仓储/司机-驾驶-商务,物流/仓储/司机,驾驶,商务
541,物流/仓储/司机-驾驶-网约车,物流/仓储/司机,驾驶,网约车
542,物流/仓储/司机-驾驶-代驾,物流/仓储/司机,驾驶,代驾
543,物流/仓储/司机-驾驶-驾校,物流/仓储/司机,驾驶,驾校
544,物流/仓储/司机-驾驶-客运,物流/仓储/司机,驾驶,客运
545,物流/仓储/司机-驾驶-无人机,物流/仓储/司机,驾驶,无人机
549,采购/贸易-采购-采购,采购/贸易,采购,采购
550,采购/贸易-采购-买手,采购/贸易,采购,买手
552,采购/贸易-贸易-贸易/外贸,采购/贸易,贸易,贸易/外贸
553,采购/贸易-贸易-业务跟单,采购/贸易,贸易,业务跟单
554,采购/贸易-贸易-外贸销售,采购/贸易,贸易,外贸销售
556,汽车-新能源汽车-电池,汽车,新能源汽车,电池
557,汽车-新能源汽车-电机,汽车,新能源汽车,电机
559,汽车-汽车研发/制造-汽车质量,汽车,汽车研发/制造,汽车质量
560,汽车-汽车研发/制造-汽车工艺,汽车,汽车研发/制造,汽车工艺
561,汽车-汽车研发/制造-汽车设计,汽车,汽车研发/制造,汽车设计
562,汽车-汽车研发/制造-线束设计,汽车,汽车研发/制造,线束设计
563,汽车-汽车研发/制造-车身,汽车,汽车研发/制造,车身
564,汽车-汽车研发/制造-汽车造型设计,汽车,汽车研发/制造,汽车造型设计
565,汽车-汽车研发/制造-汽车零部件设计,汽车,汽车研发/制造,汽车零部件设计
566,汽车-汽车研发/制造-汽车电子,汽车,汽车研发/制造,汽车电子
567,汽车-汽车研发/制造-自动驾驶系统,汽车,汽车研发/制造,自动驾驶系统
568,汽车-汽车研发/制造-动力系统,汽车,汽车研发/制造,动力系统
569,汽车-汽车研发/制造-内外饰设计,汽车,汽车研发/制造,内外饰设计
570,汽车-汽车研发/制造-底盘,汽车,汽车研发/制造,底盘
571,汽车-汽车研发/制造-总布置,汽车,汽车研发/制造,总布置
573,汽车-汽车服务-维修,汽车,汽车服务,维修
574,汽车-汽车服务-美容,汽车,汽车服务,美容
575,汽车-汽车服务-洗车,汽车,汽车服务,洗车
576,汽车-汽车服务-改装,汽车,汽车服务,改装
577,汽车-汽车服务-二手车评估,汽车,汽车服务,二手车评估
578,汽车-汽车服务-查勘定损,汽车,汽车服务,查勘定损
579,汽车-汽车服务-加油,汽车,汽车服务,加油
582,医疗健康-医生-外科,医疗健康,医生,外科
583,医疗健康-医生-内科,医疗健康,医生,内科
584,医疗健康-医生-皮肤科,医疗健康,医生,皮肤科
585,医疗健康-医生-妇产科,医疗健康,医生,妇产科
586,医疗健康-医生-儿科,医疗健康,医生,儿科
587,医疗健康-医生-眼科,医疗健康,医生,眼科
588,医疗健康-医生-精神心理科,医疗健康,医生,精神心理科
589,医疗健康-医生-整形,医疗健康,医生,整形
590,医疗健康-医生-全科,医疗健康,医生,全科
591,医疗健康-医生-耳鼻喉科,医疗健康,医生,耳鼻喉科
592,医疗健康-医生-医学检验,医疗健康,医生,医学检验
593,医疗健康-医生-放射科,医疗健康,医生,放射科
594,医疗健康-医生-超声科,医疗健康,医生,超声科
595,医疗健康-医生-麻醉科,医疗健康,医生,麻醉科
596,医疗健康-医生-病理科,医疗健康,医生,病理科
597,医疗健康-医生-中医,医疗健康,医生,中医
598,医疗健康-医生-口腔科,医疗健康,医生,口腔科
599,医疗健康-医生-幼儿保健,医疗健康,医生,幼儿保健
600,医疗健康-医生-药剂,医疗健康,医生,药剂
601,医疗健康-医生-验光,医疗健康,医生,验光
603,医疗健康-理疗保健-理疗,医疗健康,理疗保健,理疗
604,医疗健康-理疗保健-营养/健康管理,医疗健康,理疗保健,营养/健康管理
605,医疗健康-理疗保健-针灸推拿,医疗健康,理疗保健,针灸推拿
606,医疗健康-理疗保健-康复治疗,医疗健康,理疗保健,康复治疗
607,医疗健康-理疗保健-产后康复,医疗健康,理疗保健,产后康复
608,医疗健康-理疗保健-心理咨询,医疗健康,理疗保健,心理咨询
609,医疗健康-理疗保健-按摩,医疗健康,理疗保健,按摩
610,医疗健康-理疗保健-足疗,医疗健康,理疗保健,足疗
611,医疗健康-理疗保健-采耳,医疗健康,理疗保健,采耳
613,医疗健康-药店-药师,医疗健康,药店,药师
615,医疗健康-生物/医药-医药研发,医疗健康,生物/医药,医药研发
616,医疗健康-生物/医药-药品生产,医疗健康,生物/医药,药品生产
617,医疗健康-生物/医药-药品注册,医疗健康,生物/医药,药品注册
618,医疗健康-生物/医药-细胞培养员,医疗健康,生物/医药,细胞培养员
619,医疗健康-生物/医药-药理毒理,医疗健康,生物/医药,药理毒理
620,医疗健康-生物/医药-药物合成,医疗健康,生物/医药,药物合成
621,医疗健康-生物/医药-制剂研发,医疗健康,生物/医药,制剂研发
622,医疗健康-生物/医药-药物分析,医疗健康,生物/医药,药物分析
624,医疗健康-临床试验-临床协调,医疗健康,临床试验,临床协调
625,医疗健康-临床试验-临床监查,医疗健康,临床试验,临床监查
626,医疗健康-临床试验-临床数据分析,医疗健康,临床试验,临床数据分析
628,医疗健康-医疗器械-医疗器械生产/质量管理,医疗健康,医疗器械,医疗器械生产/质量管理
629,医疗健康-医疗器械-医疗器械研发,医疗健康,医疗器械,医疗器械研发
630,医疗健康-医疗器械-医疗器械注册,医疗健康,医疗器械,医疗器械注册
631,医疗健康-医疗器械-试剂研发,医疗健康,医疗器械,试剂研发
637,项目管理-项目管理-建筑施工项目,项目管理,项目管理,建筑施工项目
638,项目管理-项目管理-装修项目,项目管理,项目管理,装修项目
639,项目管理-项目管理-软件项目,项目管理,项目管理,软件项目
640,项目管理-项目管理-房地产项目,项目管理,项目管理,房地产项目
641,项目管理-项目管理-通信项目,项目管理,项目管理,通信项目
642,项目管理-项目管理-硬件项目,项目管理,项目管理,硬件项目
643,项目管理-项目管理-咨询项目,项目管理,项目管理,咨询项目
644,项目管理-项目管理-物流/仓储项目,项目管理,项目管理,物流/仓储项目
645,项目管理-项目管理-广告/会展项目,项目管理,项目管理,广告/会展项目
646,项目管理-项目管理-汽车项目,项目管理,项目管理,汽车项目
647,项目管理-项目管理-生产制造项目,项目管理,项目管理,生产制造项目
648,项目管理-项目管理-化工项目,项目管理,项目管理,化工项目
649,项目管理-项目管理-临床项目,项目管理,项目管理,临床项目
650,项目管理-项目管理-医药项目,项目管理,项目管理,医药项目
652,咨询/翻译/法律-咨询-企业管理咨询,咨询/翻译/法律,咨询,企业管理咨询
653,咨询/翻译/法律-咨询-战略咨询,咨询/翻译/法律,咨询,战略咨询
654,咨询/翻译/法律-咨询-财务顾问,咨询/翻译/法律,咨询,财务顾问
655,咨询/翻译/法律-咨询-IT咨询,咨询/翻译/法律,咨询,IT咨询
656,咨询/翻译/法律-咨询-人力资源咨询,咨询/翻译/法律,咨询,人力资源咨询
657,咨询/翻译/法律-咨询-猎头顾问,咨询/翻译/法律,咨询,猎头顾问
658,咨询/翻译/法律-咨询-心理咨询,咨询/翻译/法律,咨询,心理咨询
659,咨询/翻译/法律-咨询-婚恋咨询,咨询/翻译/法律,咨询,婚恋咨询
661,咨询/翻译/法律-翻译-英语翻译,咨询/翻译/法律,翻译,英语翻译
662,咨询/翻译/法律-翻译-日语翻译,咨询/翻译/法律,翻译,日语翻译
663,咨询/翻译/法律-翻译-韩语/朝鲜语翻译,咨询/翻译/法律,翻译,韩语/朝鲜语翻译
664,咨询/翻译/法律-翻译-俄语翻译,咨询/翻译/法律,翻译,俄语翻译
665,咨询/翻译/法律-翻译-西班牙语翻译,咨询/翻译/法律,翻译,西班牙语翻译
666,咨询/翻译/法律-翻译-德语翻译,咨询/翻译/法律,翻译,德语翻译
667,咨询/翻译/法律-翻译-法语翻译,咨询/翻译/法律,翻译,法语翻译
668,咨询/翻译/法律-翻译-其他语种翻译,咨询/翻译/法律,翻译,其他语种翻译
670,咨询/翻译/法律-法律服务-律师,咨询/翻译/法律,法律服务,律师
672,能源/环保/农业-能源/-风电,能源/环保/农业,能源/,风电
673,能源/环保/农业-能源/-光伏,能源/环保/农业,能源/,光伏
674,能源/环保/农业-能源/-水利,能源/环保/农业,能源/,水利
675,能源/环保/农业-能源/-地质,能源/环保/农业,能源/,地质
677,能源/环保/农业-环保-EHS,能源/环保/农业,环保,EHS
678,能源/环保/农业-环保-环境采样/检测,能源/环保/农业,环保,环境采样/检测
679,能源/环保/农业-环保-环评,能源/环保/农业,环保,环评
680,能源/环保/农业-环保-环保,能源/环保/农业,环保,环保
681,能源/环保/农业-环保-碳排放管理,能源/环保/农业,环保,碳排放管理
683,能源/环保/农业-农/林/牧/渔-农业/林业,能源/环保/农业,农/林/牧/渔,农业/林业
684,能源/环保/农业-农/林/牧/渔-饲养,能源/环保/农业,农/林/牧/渔,饲养
685,能源/环保/农业-农/林/牧/渔-养殖,能源/环保/农业,农/林/牧/渔,养殖
686,能源/环保/农业-农/林/牧/渔-畜牧兽医,能源/环保/农业,农/林/牧/渔,畜牧兽医
689,其他-其他-其他,其他,其他,其他
690,航空航天-航空航天-飞行器设计,航空航天,航空航天,飞行器设计
691,航空航天-航空航天-航空发动机,航空航天,航空航天,航空发动机
692,航空航天-航空航天-飞行控制系统,航空航天,航空航天,飞行控制系统
693,航空航天-航空航天-航空材料,航空航天,航空航天,航空材料
694,航空航天-航空航天-空气动力学,航空航天,航空航天,空气动力学
695,航空航天-航空航天-航天器设计,航空航天,航空航天,航天器设计
696,航空航天-航空航天-卫星技术,航空航天,航空航天,卫星技术
697,航空航天-航空航天-火箭推进,航空航天,航空航天,火箭推进
698,航空航天-航空航天-导航系统,航空航天,航空航天,导航系统
699,航空航天-航空航天-航空电子,航空航天,航空航天,航空电子
700,航空航天-航空航天-无人机技术,航空航天,航空航天,无人机技术
701,航空航天-航空航天-航空维修,航空航天,航空航天,航空维修
702,航空航天-航空航天-飞行测试,航空航天,航空航天,飞行测试
703,航空航天-航空航天-航空制造,航空航天,航空航天,航空制造
704,航空航天-航空航天-航天工程,航空航天,航空航天,航天工程
706,社会服务-社会服务-志愿服务,社会服务,社会服务,志愿服务
707,社会服务-社会服务-养老助老,社会服务,社会服务,养老助老
708,社会服务-社会服务-社区服务,社会服务,社会服务,社区服务
709,社会服务-社会服务-环保服务,社会服务,社会服务,环保服务
710,社会服务-社会服务-慈善救助,社会服务,社会服务,慈善救助
